Region,AÃ±o,Total,Region_ID,Indicador_ID
1,2022,2950.74,1,Incidencia_de_accidentes_de_trabajo
2,2022,3035.92,2,Incidencia_de_accidentes_de_trabajo
3,2022,2983.74,3,Incidencia_de_accidentes_de_trabajo
4,2022,3553.02,4,Incidencia_de_accidentes_de_trabajo
5,2022,4893.24,5,Incidencia_de_accidentes_de_trabajo
6,2022,2715.65,6,Incidencia_de_accidentes_de_trabajo
7,2022,4226.25,7,Incidencia_de_accidentes_de_trabajo
8,2022,2820.99,8,Incidencia_de_accidentes_de_trabajo
9,2022,4053.51,9,Incidencia_de_accidentes_de_trabajo
10,2022,2885.34,10,Incidencia_de_accidentes_de_trabajo
11,2022,2757.08,11,Incidencia_de_accidentes_de_trabajo
12,2022,3022.62,12,Incidencia_de_accidentes_de_trabajo
13,2022,2774.42,13,Incidencia_de_accidentes_de_trabajo
14,2022,2286.45,14,Incidencia_de_accidentes_de_trabajo
15,2022,3146.65,15,Incidencia_de_accidentes_de_trabajo
16,2022,3766.14,16,Incidencia_de_accidentes_de_trabajo
17,2022,3133.9,17,Incidencia_de_accidentes_de_trabajo
18,2022,4247.9,18,Incidencia_de_accidentes_de_trabajo
19,2022,2683.83,19,Incidencia_de_accidentes_de_trabajo
20,2022,2978.94,20,Incidencia_de_accidentes_de_trabajo
1,2018,3408.7,1,Incidencia_de_accidentes_de_trabajo
2,2018,3837.96,2,Incidencia_de_accidentes_de_trabajo
3,2018,3303.32,3,Incidencia_de_accidentes_de_trabajo
4,2018,3444.52,4,Incidencia_de_accidentes_de_trabajo
5,2018,4996.33,5,Incidencia_de_accidentes_de_trabajo
6,2018,3530.63,6,Incidencia_de_accidentes_de_trabajo
7,2018,3078.63,7,Incidencia_de_accidentes_de_trabajo
8,2018,3392,8,Incidencia_de_accidentes_de_trabajo
9,2018,4083.85,9,Incidencia_de_accidentes_de_trabajo
10,2018,3313.41,10,Incidencia_de_accidentes_de_trabajo
11,2018,3171.32,11,Incidencia_de_accidentes_de_trabajo
12,2018,3803.99,12,Incidencia_de_accidentes_de_trabajo
13,2018,3514.05,13,Incidencia_de_accidentes_de_trabajo
14,2018,2784.15,14,Incidencia_de_accidentes_de_trabajo
15,2018,3514.41,15,Incidencia_de_accidentes_de_trabajo
16,2018,3746.58,16,Incidencia_de_accidentes_de_trabajo
17,2018,3390.18,17,Incidencia_de_accidentes_de_trabajo
18,2018,3619.87,18,Incidencia_de_accidentes_de_trabajo
19,2018,2865.16,19,Incidencia_de_accidentes_de_trabajo
20,2018,3625.63,20,Incidencia_de_accidentes_de_trabajo
1,2017,3408.76,1,Incidencia_de_accidentes_de_trabajo
2,2017,3846.62,2,Incidencia_de_accidentes_de_trabajo
3,2017,3247.05,3,Incidencia_de_accidentes_de_trabajo
4,2017,3413.71,4,Incidencia_de_accidentes_de_trabajo
5,2017,5024.98,5,Incidencia_de_accidentes_de_trabajo
6,2017,3618.25,6,Incidencia_de_accidentes_de_trabajo
7,2017,3019.61,7,Incidencia_de_accidentes_de_trabajo
8,2017,3306.01,8,Incidencia_de_accidentes_de_trabajo
9,2017,4153.77,9,Incidencia_de_accidentes_de_trabajo
10,2017,3283.74,10,Incidencia_de_accidentes_de_trabajo
11,2017,3111.05,11,Incidencia_de_accidentes_de_trabajo
12,2017,3733.28,12,Incidencia_de_accidentes_de_trabajo
13,2017,3627.12,13,Incidencia_de_accidentes_de_trabajo
14,2017,2757.5,14,Incidencia_de_accidentes_de_trabajo
15,2017,3586.34,15,Incidencia_de_accidentes_de_trabajo
16,2017,3541.27,16,Incidencia_de_accidentes_de_trabajo
17,2017,3595.96,17,Incidencia_de_accidentes_de_trabajo
18,2017,3668.88,18,Incidencia_de_accidentes_de_trabajo
19,2017,3347.84,19,Incidencia_de_accidentes_de_trabajo
20,2017,3242.25,20,Incidencia_de_accidentes_de_trabajo
1,2019,3019.64,1,Incidencia_de_accidentes_de_trabajo
2,2019,3404.92,2,Incidencia_de_accidentes_de_trabajo
3,2019,2948.34,3,Incidencia_de_accidentes_de_trabajo
4,2019,3021.6,4,Incidencia_de_accidentes_de_trabajo
5,2019,4348.78,5,Incidencia_de_accidentes_de_trabajo
6,2019,2876.33,6,Incidencia_de_accidentes_de_trabajo
7,2019,2799.62,7,Incidencia_de_accidentes_de_trabajo
8,2019,2975.86,8,Incidencia_de_accidentes_de_trabajo
9,2019,3659.36,9,Incidencia_de_accidentes_de_trabajo
10,2019,2892.07,10,Incidencia_de_accidentes_de_trabajo
11,2019,2824.84,11,Incidencia_de_accidentes_de_trabajo
12,2019,3165.91,12,Incidencia_de_accidentes_de_trabajo
13,2019,3158.48,13,Incidencia_de_accidentes_de_trabajo
14,2019,2437.12,14,Incidencia_de_accidentes_de_trabajo
15,2019,3073.29,15,Incidencia_de_accidentes_de_trabajo
16,2019,3766.34,16,Incidencia_de_accidentes_de_trabajo
17,2019,3252.97,17,Incidencia_de_accidentes_de_trabajo
18,2019,3397.21,18,Incidencia_de_accidentes_de_trabajo
19,2019,2412.86,19,Incidencia_de_accidentes_de_trabajo
20,2019,2618.5,20,Incidencia_de_accidentes_de_trabajo
1,2020,2455.1,1,Incidencia_de_accidentes_de_trabajo
2,2020,2768.4,2,Incidencia_de_accidentes_de_trabajo
3,2020,2836.7,3,Incidencia_de_accidentes_de_trabajo
4,2020,2586.6,4,Incidencia_de_accidentes_de_trabajo
5,2020,2916.7,5,Incidencia_de_accidentes_de_trabajo
6,2020,2027.1,6,Incidencia_de_accidentes_de_trabajo
7,2020,2521.8,7,Incidencia_de_accidentes_de_trabajo
8,2020,2544,8,Incidencia_de_accidentes_de_trabajo
9,2020,3290.9,9,Incidencia_de_accidentes_de_trabajo
10,2020,2279.5,10,Incidencia_de_accidentes_de_trabajo
11,2020,2401.3,11,Incidencia_de_accidentes_de_trabajo
12,2020,2709.7,12,Incidencia_de_accidentes_de_trabajo
13,2020,2552.1,13,Incidencia_de_accidentes_de_trabajo
14,2020,1863.5,14,Incidencia_de_accidentes_de_trabajo
15,2020,2770.9,15,Incidencia_de_accidentes_de_trabajo
16,2020,3144.9,16,Incidencia_de_accidentes_de_trabajo
17,2020,2728.1,17,Incidencia_de_accidentes_de_trabajo
18,2020,2863.5,18,Incidencia_de_accidentes_de_trabajo
19,2020,2297.6,19,Incidencia_de_accidentes_de_trabajo
20,2020,2077.5,20,Incidencia_de_accidentes_de_trabajo
1,2021,2810.49,1,Incidencia_de_accidentes_de_trabajo
2,2021,2949.69,2,Incidencia_de_accidentes_de_trabajo
3,2021,2919.49,3,Incidencia_de_accidentes_de_trabajo
4,2021,2880.6,4,Incidencia_de_accidentes_de_trabajo
5,2021,3785.56,5,Incidencia_de_accidentes_de_trabajo
6,2021,2354.32,6,Incidencia_de_accidentes_de_trabajo
7,2021,2815.39,7,Incidencia_de_accidentes_de_trabajo
8,2021,3726.24,8,Incidencia_de_accidentes_de_trabajo
9,2021,2828.12,9,Incidencia_de_accidentes_de_trabajo
10,2021,2670.65,10,Incidencia_de_accidentes_de_trabajo
11,2021,2784.82,11,Incidencia_de_accidentes_de_trabajo
12,2021,2978.99,12,Incidencia_de_accidentes_de_trabajo
13,2021,2922.29,13,Incidencia_de_accidentes_de_trabajo
14,2021,2228.97,14,Incidencia_de_accidentes_de_trabajo
15,2021,3199.67,15,Incidencia_de_accidentes_de_trabajo
16,2021,3685.51,16,Incidencia_de_accidentes_de_trabajo
17,2021,3196.45,17,Incidencia_de_accidentes_de_trabajo
18,2021,3637.45,18,Incidencia_de_accidentes_de_trabajo
19,2021,2756.14,19,Incidencia_de_accidentes_de_trabajo
20,2021,2665.49,20,Incidencia_de_accidentes_de_trabajo
1,2018,9.39,1,Incidencia_de_accidentes_de_trabajo
2,2018,7.19,2,Incidencia_de_accidentes_de_trabajo
3,2018,8.59,3,Incidencia_de_accidentes_de_trabajo
4,2018,10.15,4,Incidencia_de_accidentes_de_trabajo
5,2018,9.69,5,Incidencia_de_accidentes_de_trabajo
6,2018,7.04,6,Incidencia_de_accidentes_de_trabajo
7,2018,13.08,7,Incidencia_de_accidentes_de_trabajo
8,2018,8.5,8,Incidencia_de_accidentes_de_trabajo
9,2018,7.34,9,Incidencia_de_accidentes_de_trabajo
10,2018,12.56,10,Incidencia_de_accidentes_de_trabajo
11,2018,6.59,11,Incidencia_de_accidentes_de_trabajo
12,2018,6.65,12,Incidencia_de_accidentes_de_trabajo
13,2018,19.6,13,Incidencia_de_accidentes_de_trabajo
14,2018,8.82,14,Incidencia_de_accidentes_de_trabajo
15,2018,7.98,15,Incidencia_de_accidentes_de_trabajo
16,2018,5.26,16,Incidencia_de_accidentes_de_trabajo
17,2018,9.99,17,Incidencia_de_accidentes_de_trabajo
18,2018,8.95,18,Incidencia_de_accidentes_de_trabajo
19,2018,9.42,19,Incidencia_de_accidentes_de_trabajo
20,2018,8.27,20,Incidencia_de_accidentes_de_trabajo
1,2017,9.42,1,Incidencia_de_accidentes_de_trabajo
2,2017,6.59,2,Incidencia_de_accidentes_de_trabajo
3,2017,10.18,3,Incidencia_de_accidentes_de_trabajo
4,2017,8.35,4,Incidencia_de_accidentes_de_trabajo
5,2017,8.98,5,Incidencia_de_accidentes_de_trabajo
6,2017,5.13,6,Incidencia_de_accidentes_de_trabajo
7,2017,9.81,7,Incidencia_de_accidentes_de_trabajo
8,2017,8.62,8,Incidencia_de_accidentes_de_trabajo
9,2017,6.84,9,Incidencia_de_accidentes_de_trabajo
10,2017,12.94,10,Incidencia_de_accidentes_de_trabajo
11,2017,8.4,11,Incidencia_de_accidentes_de_trabajo
12,2017,5.12,12,Incidencia_de_accidentes_de_trabajo
13,2017,19.57,13,Incidencia_de_accidentes_de_trabajo
14,2017,9.21,14,Incidencia_de_accidentes_de_trabajo
15,2017,8.01,15,Incidencia_de_accidentes_de_trabajo
16,2017,4.21,16,Incidencia_de_accidentes_de_trabajo
17,2017,10.47,17,Incidencia_de_accidentes_de_trabajo
18,2017,9.28,18,Incidencia_de_accidentes_de_trabajo
19,2017,9.41,19,Incidencia_de_accidentes_de_trabajo
20,2017,9.43,20,Incidencia_de_accidentes_de_trabajo
1,2019,9.28,1,Incidencia_de_accidentes_de_trabajo
2,2019,6.46,2,Incidencia_de_accidentes_de_trabajo
3,2019,10.12,3,Incidencia_de_accidentes_de_trabajo
4,2019,10.49,4,Incidencia_de_accidentes_de_trabajo
5,2019,5.42,5,Incidencia_de_accidentes_de_trabajo
6,2019,5.72,6,Incidencia_de_accidentes_de_trabajo
7,2019,8.08,7,Incidencia_de_accidentes_de_trabajo
8,2019,9.96,8,Incidencia_de_accidentes_de_trabajo
9,2019,5.2,9,Incidencia_de_accidentes_de_trabajo
10,2019,13.55,10,Incidencia_de_accidentes_de_trabajo
11,2019,8.46,11,Incidencia_de_accidentes_de_trabajo
12,2019,5.18,12,Incidencia_de_accidentes_de_trabajo
13,2019,19.19,13,Incidencia_de_accidentes_de_trabajo
14,2019,8.74,14,Incidencia_de_accidentes_de_trabajo
15,2019,8.7,15,Incidencia_de_accidentes_de_trabajo
16,2019,3.98,16,Incidencia_de_accidentes_de_trabajo
17,2019,9.07,17,Incidencia_de_accidentes_de_trabajo
18,2019,9.22,18,Incidencia_de_accidentes_de_trabajo
19,2019,16.58,19,Incidencia_de_accidentes_de_trabajo
20,2019,9.49,20,Incidencia_de_accidentes_de_trabajo
1,2020,7.58,1,Incidencia_de_accidentes_de_trabajo
2,2020,5.93,2,Incidencia_de_accidentes_de_trabajo
3,2020,6.31,3,Incidencia_de_accidentes_de_trabajo
4,2020,11.72,4,Incidencia_de_accidentes_de_trabajo
5,2020,6.09,5,Incidencia_de_accidentes_de_trabajo
6,2020,4.54,6,Incidencia_de_accidentes_de_trabajo
7,2020,6.53,7,Incidencia_de_accidentes_de_trabajo
8,2020,7.03,8,Incidencia_de_accidentes_de_trabajo
9,2020,3.43,9,Incidencia_de_accidentes_de_trabajo
10,2020,11.21,10,Incidencia_de_accidentes_de_trabajo
11,2020,6.23,11,Incidencia_de_accidentes_de_trabajo
12,2020,1.89,12,Incidencia_de_accidentes_de_trabajo
13,2020,14.67,13,Incidencia_de_accidentes_de_trabajo
14,2020,6.62,14,Incidencia_de_accidentes_de_trabajo
15,2020,7.82,15,Incidencia_de_accidentes_de_trabajo
16,2020,2.59,16,Incidencia_de_accidentes_de_trabajo
17,2020,10.6,17,Incidencia_de_accidentes_de_trabajo
18,2020,6.96,18,Incidencia_de_accidentes_de_trabajo
19,2020,1.19,19,Incidencia_de_accidentes_de_trabajo
20,2020,7.12,20,Incidencia_de_accidentes_de_trabajo
1,2021,7.61,1,Incidencia_de_accidentes_de_trabajo
2,2021,5.53,2,Incidencia_de_accidentes_de_trabajo
3,2021,8.45,3,Incidencia_de_accidentes_de_trabajo
4,2021,7.73,4,Incidencia_de_accidentes_de_trabajo
5,2021,5.82,5,Incidencia_de_accidentes_de_trabajo
6,2021,3.25,6,Incidencia_de_accidentes_de_trabajo
7,2021,5.99,7,Incidencia_de_accidentes_de_trabajo
8,2021,6.43,8,Incidencia_de_accidentes_de_trabajo
9,2021,3.42,9,Incidencia_de_accidentes_de_trabajo
10,2021,12.11,10,Incidencia_de_accidentes_de_trabajo
11,2021,7.34,11,Incidencia_de_accidentes_de_trabajo
12,2021,3.98,12,Incidencia_de_accidentes_de_trabajo
13,2021,13.08,13,Incidencia_de_accidentes_de_trabajo
14,2021,6.98,14,Incidencia_de_accidentes_de_trabajo
15,2021,7.52,15,Incidencia_de_accidentes_de_trabajo
16,2021,4.42,16,Incidencia_de_accidentes_de_trabajo
17,2021,8.54,17,Incidencia_de_accidentes_de_trabajo
18,2021,8.55,18,Incidencia_de_accidentes_de_trabajo
19,2021,20.53,19,Incidencia_de_accidentes_de_trabajo
20,2021,7.19,20,Incidencia_de_accidentes_de_trabajo
1,2022,54.16,1,Incidencia_de_accidentes_de_trabajo
2,2022,51.66,2,Incidencia_de_accidentes_de_trabajo
3,2022,58.59,3,Incidencia_de_accidentes_de_trabajo
4,2022,62.07,4,Incidencia_de_accidentes_de_trabajo
5,2022,46.6,5,Incidencia_de_accidentes_de_trabajo
6,2022,43.96,6,Incidencia_de_accidentes_de_trabajo
7,2022,57.62,7,Incidencia_de_accidentes_de_trabajo
8,2022,62.52,8,Incidencia_de_accidentes_de_trabajo
9,2022,53.53,9,Incidencia_de_accidentes_de_trabajo
10,2022,54.77,10,Incidencia_de_accidentes_de_trabajo
11,2022,54.6,11,Incidencia_de_accidentes_de_trabajo
12,2022,54.88,12,Incidencia_de_accidentes_de_trabajo
13,2022,62.08,13,Incidencia_de_accidentes_de_trabajo
14,2022,51.62,14,Incidencia_de_accidentes_de_trabajo
15,2022,51.16,15,Incidencia_de_accidentes_de_trabajo
16,2022,57.49,16,Incidencia_de_accidentes_de_trabajo
17,2022,61.09,17,Incidencia_de_accidentes_de_trabajo
18,2022,58.11,18,Incidencia_de_accidentes_de_trabajo
19,2022,49.5,19,Incidencia_de_accidentes_de_trabajo
20,2022,55.46,20,Incidencia_de_accidentes_de_trabajo
1,2018,54.19,1,Incidencia_de_accidentes_de_trabajo
2,2018,51.61,2,Incidencia_de_accidentes_de_trabajo
3,2018,58.07,3,Incidencia_de_accidentes_de_trabajo
4,2018,58.65,4,Incidencia_de_accidentes_de_trabajo
5,2018,46.59,5,Incidencia_de_accidentes_de_trabajo
6,2018,43.84,6,Incidencia_de_accidentes_de_trabajo
7,2018,55.95,7,Incidencia_de_accidentes_de_trabajo
8,2018,60.82,8,Incidencia_de_accidentes_de_trabajo
9,2018,54.12,9,Incidencia_de_accidentes_de_trabajo
10,2018,55.69,10,Incidencia_de_accidentes_de_trabajo
11,2018,54.71,11,Incidencia_de_accidentes_de_trabajo
12,2018,54.29,12,Incidencia_de_accidentes_de_trabajo
13,2018,60.37,13,Incidencia_de_accidentes_de_trabajo
14,2018,52.47,14,Incidencia_de_accidentes_de_trabajo
15,2018,51.84,15,Incidencia_de_accidentes_de_trabajo
16,2018,57.18,16,Incidencia_de_accidentes_de_trabajo
17,2018,59.91,17,Incidencia_de_accidentes_de_trabajo
18,2018,57.53,18,Incidencia_de_accidentes_de_trabajo
19,2018,51.14,19,Incidencia_de_accidentes_de_trabajo
20,2018,55.99,20,Incidencia_de_accidentes_de_trabajo
1,2017,53.83,1,Incidencia_de_accidentes_de_trabajo
2,2017,51.32,2,Incidencia_de_accidentes_de_trabajo
3,2017,57.59,3,Incidencia_de_accidentes_de_trabajo
4,2017,57.58,4,Incidencia_de_accidentes_de_trabajo
5,2017,46.52,5,Incidencia_de_accidentes_de_trabajo
6,2017,43.7,6,Incidencia_de_accidentes_de_trabajo
7,2017,55.05,7,Incidencia_de_accidentes_de_trabajo
8,2017,60.09,8,Incidencia_de_accidentes_de_trabajo
9,2017,53.81,9,Incidencia_de_accidentes_de_trabajo
10,2017,55.46,10,Incidencia_de_accidentes_de_trabajo
11,2017,54.31,11,Incidencia_de_accidentes_de_trabajo
12,2017,53.96,12,Incidencia_de_accidentes_de_trabajo
13,2017,59.55,13,Incidencia_de_accidentes_de_trabajo
14,2017,52.2,14,Incidencia_de_accidentes_de_trabajo
15,2017,51.86,15,Incidencia_de_accidentes_de_trabajo
16,2017,56.81,16,Incidencia_de_accidentes_de_trabajo
17,2017,59.14,17,Incidencia_de_accidentes_de_trabajo
18,2017,57.04,18,Incidencia_de_accidentes_de_trabajo
19,2017,50.95,19,Incidencia_de_accidentes_de_trabajo
20,2017,55.31,20,Incidencia_de_accidentes_de_trabajo
1,2019,54.29,1,Incidencia_de_accidentes_de_trabajo
2,2019,51.8,2,Incidencia_de_accidentes_de_trabajo
3,2019,58.08,3,Incidencia_de_accidentes_de_trabajo
4,2019,59.73,4,Incidencia_de_accidentes_de_trabajo
5,2019,46.42,5,Incidencia_de_accidentes_de_trabajo
6,2019,43.77,6,Incidencia_de_accidentes_de_trabajo
7,2019,56.56,7,Incidencia_de_accidentes_de_trabajo
8,2019,61.37,8,Incidencia_de_accidentes_de_trabajo
9,2019,54.2,9,Incidencia_de_accidentes_de_trabajo
10,2019,55.51,10,Incidencia_de_accidentes_de_trabajo
11,2019,54.86,11,Incidencia_de_accidentes_de_trabajo
12,2019,54.56,12,Incidencia_de_accidentes_de_trabajo
13,2019,60.94,13,Incidencia_de_accidentes_de_trabajo
14,2019,52.39,14,Incidencia_de_accidentes_de_trabajo
15,2019,51.81,15,Incidencia_de_accidentes_de_trabajo
16,2019,57.22,16,Incidencia_de_accidentes_de_trabajo
17,2019,60.32,17,Incidencia_de_accidentes_de_trabajo
18,2019,57.86,18,Incidencia_de_accidentes_de_trabajo
19,2019,51.07,19,Incidencia_de_accidentes_de_trabajo
20,2019,56,20,Incidencia_de_accidentes_de_trabajo
1,2020,54.2,1,Incidencia_de_accidentes_de_trabajo
2,2020,51.81,2,Incidencia_de_accidentes_de_trabajo
3,2020,57.91,3,Incidencia_de_accidentes_de_trabajo
4,2020,60.54,4,Incidencia_de_accidentes_de_trabajo
5,2020,46.18,5,Incidencia_de_accidentes_de_trabajo
6,2020,43.71,6,Incidencia_de_accidentes_de_trabajo
7,2020,56.96,7,Incidencia_de_accidentes_de_trabajo
8,2020,61.83,8,Incidencia_de_accidentes_de_trabajo
9,2020,54.04,9,Incidencia_de_accidentes_de_trabajo
10,2020,55.23,10,Incidencia_de_accidentes_de_trabajo
11,2020,54.75,11,Incidencia_de_accidentes_de_trabajo
12,2020,54.71,12,Incidencia_de_accidentes_de_trabajo
13,2020,61.34,13,Incidencia_de_accidentes_de_trabajo
14,2020,51.99,14,Incidencia_de_accidentes_de_trabajo
15,2020,51.47,15,Incidencia_de_accidentes_de_trabajo
16,2020,57.16,16,Incidencia_de_accidentes_de_trabajo
17,2020,60.44,17,Incidencia_de_accidentes_de_trabajo
18,2020,57.87,18,Incidencia_de_accidentes_de_trabajo
19,2020,50.8,19,Incidencia_de_accidentes_de_trabajo
20,2020,56.17,20,Incidencia_de_accidentes_de_trabajo
1,2021,54.04,1,Incidencia_de_accidentes_de_trabajo
2,2021,51.71,2,Incidencia_de_accidentes_de_trabajo
3,2021,57.62,3,Incidencia_de_accidentes_de_trabajo
4,2021,61.07,4,Incidencia_de_accidentes_de_trabajo
5,2021,46.29,5,Incidencia_de_accidentes_de_trabajo
6,2021,43.84,6,Incidencia_de_accidentes_de_trabajo
7,2021,57.17,7,Incidencia_de_accidentes_de_trabajo
8,2021,61.82,8,Incidencia_de_accidentes_de_trabajo
9,2021,53.46,9,Incidencia_de_accidentes_de_trabajo
10,2021,54.82,10,Incidencia_de_accidentes_de_trabajo
11,2021,54.72,11,Incidencia_de_accidentes_de_trabajo
12,2021,54.67,12,Incidencia_de_accidentes_de_trabajo
13,2021,61.64,13,Incidencia_de_accidentes_de_trabajo
14,2021,51.56,14,Incidencia_de_accidentes_de_trabajo
15,2021,51.31,15,Incidencia_de_accidentes_de_trabajo
16,2021,57.07,16,Incidencia_de_accidentes_de_trabajo
17,2021,60.6,17,Incidencia_de_accidentes_de_trabajo
18,2021,57.78,18,Incidencia_de_accidentes_de_trabajo
19,2021,50.39,19,Incidencia_de_accidentes_de_trabajo
20,2021,55.92,20,Incidencia_de_accidentes_de_trabajo
1,2022,30.96,1,Incidencia_de_accidentes_de_trabajo
2,2022,27.27,2,Incidencia_de_accidentes_de_trabajo
3,2022,35.31,3,Incidencia_de_accidentes_de_trabajo
4,2022,43.82,4,Incidencia_de_accidentes_de_trabajo
5,2022,24.28,5,Incidencia_de_accidentes_de_trabajo
6,2022,25.16,6,Incidencia_de_accidentes_de_trabajo
7,2022,36.52,7,Incidencia_de_accidentes_de_trabajo
8,2022,42.44,8,Incidencia_de_accidentes_de_trabajo
9,2022,29.59,9,Incidencia_de_accidentes_de_trabajo
10,2022,30.29,10,Incidencia_de_accidentes_de_trabajo
11,2022,31.13,11,Incidencia_de_accidentes_de_trabajo
12,2022,33.1,12,Incidencia_de_accidentes_de_trabajo
13,2022,42.28,13,Incidencia_de_accidentes_de_trabajo
14,2022,27.91,14,Incidencia_de_accidentes_de_trabajo
15,2022,24.58,15,Incidencia_de_accidentes_de_trabajo
16,2022,32.28,16,Incidencia_de_accidentes_de_trabajo
17,2022,37.96,17,Incidencia_de_accidentes_de_trabajo
18,2022,34.4,18,Incidencia_de_accidentes_de_trabajo
19,2022,19.59,19,Incidencia_de_accidentes_de_trabajo
20,2022,18.19,20,Incidencia_de_accidentes_de_trabajo
1,2018,29.61,1,Incidencia_de_accidentes_de_trabajo
2,2018,25.62,2,Incidencia_de_accidentes_de_trabajo
3,2018,34.1,3,Incidencia_de_accidentes_de_trabajo
4,2018,39.99,4,Incidencia_de_accidentes_de_trabajo
5,2018,23.04,5,Incidencia_de_accidentes_de_trabajo
6,2018,22.95,6,Incidencia_de_accidentes_de_trabajo
7,2018,33.54,7,Incidencia_de_accidentes_de_trabajo
8,2018,40.09,8,Incidencia_de_accidentes_de_trabajo
9,2018,29.02,9,Incidencia_de_accidentes_de_trabajo
10,2018,29.6,10,Incidencia_de_accidentes_de_trabajo
11,2018,29.88,11,Incidencia_de_accidentes_de_trabajo
12,2018,31.43,12,Incidencia_de_accidentes_de_trabajo
13,2018,39.92,13,Incidencia_de_accidentes_de_trabajo
14,2018,26.98,14,Incidencia_de_accidentes_de_trabajo
15,2018,23.7,15,Incidencia_de_accidentes_de_trabajo
16,2018,30.95,16,Incidencia_de_accidentes_de_trabajo
17,2018,35.7,17,Incidencia_de_accidentes_de_trabajo
18,2018,32.88,18,Incidencia_de_accidentes_de_trabajo
19,2018,17.68,19,Incidencia_de_accidentes_de_trabajo
20,2018,16.31,20,Incidencia_de_accidentes_de_trabajo
1,2017,29.17,1,Incidencia_de_accidentes_de_trabajo
2,2017,25.16,2,Incidencia_de_accidentes_de_trabajo
3,2017,33.62,3,Incidencia_de_accidentes_de_trabajo
4,2017,39,4,Incidencia_de_accidentes_de_trabajo
5,2017,22.78,5,Incidencia_de_accidentes_de_trabajo
6,2017,22.46,6,Incidencia_de_accidentes_de_trabajo
7,2017,32.71,7,Incidencia_de_accidentes_de_trabajo
8,2017,39.39,8,Incidencia_de_accidentes_de_trabajo
9,2017,28.64,9,Incidencia_de_accidentes_de_trabajo
10,2017,29.28,10,Incidencia_de_accidentes_de_trabajo
11,2017,29.4,11,Incidencia_de_accidentes_de_trabajo
12,2017,30.98,12,Incidencia_de_accidentes_de_trabajo
13,2017,39.19,13,Incidencia_de_accidentes_de_trabajo
14,2017,26.58,14,Incidencia_de_accidentes_de_trabajo
15,2017,23.58,15,Incidencia_de_accidentes_de_trabajo
16,2017,30.57,16,Incidencia_de_accidentes_de_trabajo
17,2017,35,17,Incidencia_de_accidentes_de_trabajo
18,2017,32.34,18,Incidencia_de_accidentes_de_trabajo
19,2017,17.29,19,Incidencia_de_accidentes_de_trabajo
20,2017,15.81,20,Incidencia_de_accidentes_de_trabajo
1,2019,29.93,1,Incidencia_de_accidentes_de_trabajo
2,2019,26.05,2,Incidencia_de_accidentes_de_trabajo
3,2019,34.23,3,Incidencia_de_accidentes_de_trabajo
4,2019,40.99,4,Incidencia_de_accidentes_de_trabajo
5,2019,23.17,5,Incidencia_de_accidentes_de_trabajo
6,2019,23.32,6,Incidencia_de_accidentes_de_trabajo
7,2019,34.28,7,Incidencia_de_accidentes_de_trabajo
8,2019,40.71,8,Incidencia_de_accidentes_de_trabajo
9,2019,29.28,9,Incidencia_de_accidentes_de_trabajo
10,2019,29.73,10,Incidencia_de_accidentes_de_trabajo
11,2019,30.21,11,Incidencia_de_accidentes_de_trabajo
12,2019,31.91,12,Incidencia_de_accidentes_de_trabajo
13,2019,40.5,13,Incidencia_de_accidentes_de_trabajo
14,2019,27.22,14,Incidencia_de_accidentes_de_trabajo
15,2019,23.95,15,Incidencia_de_accidentes_de_trabajo
16,2019,31.14,16,Incidencia_de_accidentes_de_trabajo
17,2019,36.24,17,Incidencia_de_accidentes_de_trabajo
18,2019,33.33,18,Incidencia_de_accidentes_de_trabajo
19,2019,18.15,19,Incidencia_de_accidentes_de_trabajo
20,2019,16.73,20,Incidencia_de_accidentes_de_trabajo
1,2020,30.19,1,Incidencia_de_accidentes_de_trabajo
2,2020,26.43,2,Incidencia_de_accidentes_de_trabajo
3,2020,34.32,3,Incidencia_de_accidentes_de_trabajo
4,2020,41.89,4,Incidencia_de_accidentes_de_trabajo
5,2020,23.34,5,Incidencia_de_accidentes_de_trabajo
6,2020,23.77,6,Incidencia_de_accidentes_de_trabajo
7,2020,34.99,7,Incidencia_de_accidentes_de_trabajo
8,2020,41.29,8,Incidencia_de_accidentes_de_trabajo
9,2020,29.38,9,Incidencia_de_accidentes_de_trabajo
10,2020,29.84,10,Incidencia_de_accidentes_de_trabajo
11,2020,30.44,11,Incidencia_de_accidentes_de_trabajo
12,2020,32.31,12,Incidencia_de_accidentes_de_trabajo
13,2020,41.04,13,Incidencia_de_accidentes_de_trabajo
14,2020,27.33,14,Incidencia_de_accidentes_de_trabajo
15,2020,24.07,15,Incidencia_de_accidentes_de_trabajo
16,2020,31.37,16,Incidencia_de_accidentes_de_trabajo
17,2020,36.65,17,Incidencia_de_accidentes_de_trabajo
18,2020,33.58,18,Incidencia_de_accidentes_de_trabajo
19,2020,18.73,19,Incidencia_de_accidentes_de_trabajo
20,2020,17.32,20,Incidencia_de_accidentes_de_trabajo
1,2021,30.46,1,Incidencia_de_accidentes_de_trabajo
2,2021,26.82,2,Incidencia_de_accidentes_de_trabajo
3,2021,34.36,3,Incidencia_de_accidentes_de_trabajo
4,2021,42.63,4,Incidencia_de_accidentes_de_trabajo
5,2021,23.77,5,Incidencia_de_accidentes_de_trabajo
6,2021,24.45,6,Incidencia_de_accidentes_de_trabajo
7,2021,35.63,7,Incidencia_de_accidentes_de_trabajo
8,2021,41.52,8,Incidencia_de_accidentes_de_trabajo
9,2021,29.18,9,Incidencia_de_accidentes_de_trabajo
10,2021,29.91,10,Incidencia_de_accidentes_de_trabajo
11,2021,30.83,11,Incidencia_de_accidentes_de_trabajo
12,2021,32.57,12,Incidencia_de_accidentes_de_trabajo
13,2021,41.58,13,Incidencia_de_accidentes_de_trabajo
14,2021,27.4,14,Incidencia_de_accidentes_de_trabajo
15,2021,24.35,15,Incidencia_de_accidentes_de_trabajo
16,2021,31.63,16,Incidencia_de_accidentes_de_trabajo
17,2021,37.16,17,Incidencia_de_accidentes_de_trabajo
18,2021,33.83,18,Incidencia_de_accidentes_de_trabajo
19,2021,19.22,19,Incidencia_de_accidentes_de_trabajo
20,2021,17.68,20,Incidencia_de_accidentes_de_trabajo
1,2022,23.2,1,Incidencia_de_accidentes_de_trabajo
2,2022,24.39,2,Incidencia_de_accidentes_de_trabajo
3,2022,23.28,3,Incidencia_de_accidentes_de_trabajo
4,2022,18.26,4,Incidencia_de_accidentes_de_trabajo
5,2022,22.31,5,Incidencia_de_accidentes_de_trabajo
6,2022,18.8,6,Incidencia_de_accidentes_de_trabajo
7,2022,21.1,7,Incidencia_de_accidentes_de_trabajo
8,2022,20.08,8,Incidencia_de_accidentes_de_trabajo
9,2022,23.95,9,Incidencia_de_accidentes_de_trabajo
10,2022,24.48,10,Incidencia_de_accidentes_de_trabajo
11,2022,23.47,11,Incidencia_de_accidentes_de_trabajo
12,2022,21.78,12,Incidencia_de_accidentes_de_trabajo
13,2022,19.8,13,Incidencia_de_accidentes_de_trabajo
14,2022,23.71,14,Incidencia_de_accidentes_de_trabajo
15,2022,26.58,15,Incidencia_de_accidentes_de_trabajo
16,2022,25.21,16,Incidencia_de_accidentes_de_trabajo
17,2022,23.13,17,Incidencia_de_accidentes_de_trabajo
18,2022,23.71,18,Incidencia_de_accidentes_de_trabajo
19,2022,29.91,19,Incidencia_de_accidentes_de_trabajo
20,2022,37.27,20,Incidencia_de_accidentes_de_trabajo
1,2018,24.58,1,Incidencia_de_accidentes_de_trabajo
2,2018,25.99,2,Incidencia_de_accidentes_de_trabajo
3,2018,23.97,3,Incidencia_de_accidentes_de_trabajo
4,2018,18.67,4,Incidencia_de_accidentes_de_trabajo
5,2018,23.55,5,Incidencia_de_accidentes_de_trabajo
6,2018,20.89,6,Incidencia_de_accidentes_de_trabajo
7,2018,22.4,7,Incidencia_de_accidentes_de_trabajo
8,2018,20.72,8,Incidencia_de_accidentes_de_trabajo
9,2018,25.1,9,Incidencia_de_accidentes_de_trabajo
10,2018,26.09,10,Incidencia_de_accidentes_de_trabajo
11,2018,24.83,11,Incidencia_de_accidentes_de_trabajo
12,2018,22.86,12,Incidencia_de_accidentes_de_trabajo
13,2018,20.45,13,Incidencia_de_accidentes_de_trabajo
14,2018,25.49,14,Incidencia_de_accidentes_de_trabajo
15,2018,28.14,15,Incidencia_de_accidentes_de_trabajo
16,2018,26.23,16,Incidencia_de_accidentes_de_trabajo
17,2018,24.21,17,Incidencia_de_accidentes_de_trabajo
18,2018,24.65,18,Incidencia_de_accidentes_de_trabajo
19,2018,33.46,19,Incidencia_de_accidentes_de_trabajo
20,2018,39.68,20,Incidencia_de_accidentes_de_trabajo
1,2017,24.66,1,Incidencia_de_accidentes_de_trabajo
2,2017,26.15,2,Incidencia_de_accidentes_de_trabajo
3,2017,23.97,3,Incidencia_de_accidentes_de_trabajo
4,2017,18.58,4,Incidencia_de_accidentes_de_trabajo
5,2017,23.73,5,Incidencia_de_accidentes_de_trabajo
6,2017,21.24,6,Incidencia_de_accidentes_de_trabajo
7,2017,22.35,7,Incidencia_de_accidentes_de_trabajo
8,2017,20.69,8,Incidencia_de_accidentes_de_trabajo
9,2017,25.16,9,Incidencia_de_accidentes_de_trabajo
10,2017,26.17,10,Incidencia_de_accidentes_de_trabajo
11,2017,24.91,11,Incidencia_de_accidentes_de_trabajo
12,2017,22.98,12,Incidencia_de_accidentes_de_trabajo
13,2017,20.36,13,Incidencia_de_accidentes_de_trabajo
14,2017,25.62,14,Incidencia_de_accidentes_de_trabajo
15,2017,28.28,15,Incidencia_de_accidentes_de_trabajo
16,2017,26.24,16,Incidencia_de_accidentes_de_trabajo
17,2017,24.14,17,Incidencia_de_accidentes_de_trabajo
18,2017,24.71,18,Incidencia_de_accidentes_de_trabajo
19,2017,33.66,19,Incidencia_de_accidentes_de_trabajo
20,2017,39.5,20,Incidencia_de_accidentes_de_trabajo
1,2019,24.36,1,Incidencia_de_accidentes_de_trabajo
2,2019,25.76,2,Incidencia_de_accidentes_de_trabajo
3,2019,23.85,3,Incidencia_de_accidentes_de_trabajo
4,2019,18.74,4,Incidencia_de_accidentes_de_trabajo
5,2019,23.25,5,Incidencia_de_accidentes_de_trabajo
6,2019,20.44,6,Incidencia_de_accidentes_de_trabajo
7,2019,22.28,7,Incidencia_de_accidentes_de_trabajo
8,2019,20.66,8,Incidencia_de_accidentes_de_trabajo
9,2019,24.92,9,Incidencia_de_accidentes_de_trabajo
10,2019,25.79,10,Incidencia_de_accidentes_de_trabajo
11,2019,24.65,11,Incidencia_de_accidentes_de_trabajo
12,2019,22.65,12,Incidencia_de_accidentes_de_trabajo
13,2019,20.44,13,Incidencia_de_accidentes_de_trabajo
14,2019,25.16,14,Incidencia_de_accidentes_de_trabajo
15,2019,27.86,15,Incidencia_de_accidentes_de_trabajo
16,2019,26.09,16,Incidencia_de_accidentes_de_trabajo
17,2019,24.08,17,Incidencia_de_accidentes_de_trabajo
18,2019,24.53,18,Incidencia_de_accidentes_de_trabajo
19,2019,32.91,19,Incidencia_de_accidentes_de_trabajo
20,2019,39.27,20,Incidencia_de_accidentes_de_trabajo
1,2020,24.01,1,Incidencia_de_accidentes_de_trabajo
2,2020,25.38,2,Incidencia_de_accidentes_de_trabajo
3,2020,23.59,3,Incidencia_de_accidentes_de_trabajo
4,2020,18.65,4,Incidencia_de_accidentes_de_trabajo
5,2020,22.84,5,Incidencia_de_accidentes_de_trabajo
6,2020,19.94,6,Incidencia_de_accidentes_de_trabajo
7,2020,21.97,7,Incidencia_de_accidentes_de_trabajo
8,2020,20.54,8,Incidencia_de_accidentes_de_trabajo
9,2020,24.66,9,Incidencia_de_accidentes_de_trabajo
10,2020,25.39,10,Incidencia_de_accidentes_de_trabajo
11,2020,24.31,11,Incidencia_de_accidentes_de_trabajo
12,2020,22.4,12,Incidencia_de_accidentes_de_trabajo
13,2020,20.3,13,Incidencia_de_accidentes_de_trabajo
14,2020,24.66,14,Incidencia_de_accidentes_de_trabajo
15,2020,27.4,15,Incidencia_de_accidentes_de_trabajo
16,2020,25.8,16,Incidencia_de_accidentes_de_trabajo
17,2020,23.79,17,Incidencia_de_accidentes_de_trabajo
18,2020,24.29,18,Incidencia_de_accidentes_de_trabajo
19,2020,32.08,19,Incidencia_de_accidentes_de_trabajo
20,2020,38.86,20,Incidencia_de_accidentes_de_trabajo
1,2021,23.59,1,Incidencia_de_accidentes_de_trabajo
2,2021,24.88,2,Incidencia_de_accidentes_de_trabajo
3,2021,23.26,3,Incidencia_de_accidentes_de_trabajo
4,2021,18.45,4,Incidencia_de_accidentes_de_trabajo
5,2021,22.51,5,Incidencia_de_accidentes_de_trabajo
6,2021,19.39,6,Incidencia_de_accidentes_de_trabajo
7,2021,21.54,7,Incidencia_de_accidentes_de_trabajo
8,2021,20.31,8,Incidencia_de_accidentes_de_trabajo
9,2021,24.28,9,Incidencia_de_accidentes_de_trabajo
10,2021,24.91,10,Incidencia_de_accidentes_de_trabajo
11,2021,23.88,11,Incidencia_de_accidentes_de_trabajo
12,2021,22.09,12,Incidencia_de_accidentes_de_trabajo
13,2021,20.06,13,Incidencia_de_accidentes_de_trabajo
14,2021,24.16,14,Incidencia_de_accidentes_de_trabajo
15,2021,26.96,15,Incidencia_de_accidentes_de_trabajo
16,2021,25.44,16,Incidencia_de_accidentes_de_trabajo
17,2021,23.44,17,Incidencia_de_accidentes_de_trabajo
18,2021,23.95,18,Incidencia_de_accidentes_de_trabajo
19,2021,31.16,19,Incidencia_de_accidentes_de_trabajo
20,2021,38.25,20,Incidencia_de_accidentes_de_trabajo
1,2022,1746,1,Incidencia_de_accidentes_de_trabajo
2,2022,333,2,Incidencia_de_accidentes_de_trabajo
3,2022,80,3,Incidencia_de_accidentes_de_trabajo
4,2022,34,4,Incidencia_de_accidentes_de_trabajo
5,2022,38,5,Incidencia_de_accidentes_de_trabajo
6,2022,68,6,Incidencia_de_accidentes_de_trabajo
7,2022,21,7,Incidencia_de_accidentes_de_trabajo
8,2022,179,8,Incidencia_de_accidentes_de_trabajo
9,2022,97,9,Incidencia_de_accidentes_de_trabajo
10,2022,264,10,Incidencia_de_accidentes_de_trabajo
11,2022,175,11,Incidencia_de_accidentes_de_trabajo
12,2022,41,12,Incidencia_de_accidentes_de_trabajo
13,2022,123,13,Incidencia_de_accidentes_de_trabajo
14,2022,125,14,Incidencia_de_accidentes_de_trabajo
15,2022,59,15,Incidencia_de_accidentes_de_trabajo
16,2022,37,16,Incidencia_de_accidentes_de_trabajo
17,2022,55,17,Incidencia_de_accidentes_de_trabajo
18,2022,12,18,Incidencia_de_accidentes_de_trabajo
19,2022,1,19,Incidencia_de_accidentes_de_trabajo
20,2022,4,20,Incidencia_de_accidentes_de_trabajo
1,2018,1806,1,Incidencia_de_accidentes_de_trabajo
2,2018,274,2,Incidencia_de_accidentes_de_trabajo
3,2018,85,3,Incidencia_de_accidentes_de_trabajo
4,2018,43,4,Incidencia_de_accidentes_de_trabajo
5,2018,53,5,Incidencia_de_accidentes_de_trabajo
6,2018,68,6,Incidencia_de_accidentes_de_trabajo
7,2018,23,7,Incidencia_de_accidentes_de_trabajo
8,2018,100,8,Incidencia_de_accidentes_de_trabajo
9,2018,176,9,Incidencia_de_accidentes_de_trabajo
10,2018,326,10,Incidencia_de_accidentes_de_trabajo
11,2018,183,11,Incidencia_de_accidentes_de_trabajo
12,2018,51,12,Incidencia_de_accidentes_de_trabajo
13,2018,144,13,Incidencia_de_accidentes_de_trabajo
14,2018,114,14,Incidencia_de_accidentes_de_trabajo
15,2018,66,15,Incidencia_de_accidentes_de_trabajo
16,2018,35,16,Incidencia_de_accidentes_de_trabajo
17,2018,49,17,Incidencia_de_accidentes_de_trabajo
18,2018,10,18,Incidencia_de_accidentes_de_trabajo
19,2018,3,19,Incidencia_de_accidentes_de_trabajo
20,2018,3,20,Incidencia_de_accidentes_de_trabajo
1,2017,1830,1,Incidencia_de_accidentes_de_trabajo
2,2017,305,2,Incidencia_de_accidentes_de_trabajo
3,2017,80,3,Incidencia_de_accidentes_de_trabajo
4,2017,37,4,Incidencia_de_accidentes_de_trabajo
5,2017,68,5,Incidencia_de_accidentes_de_trabajo
6,2017,67,6,Incidencia_de_accidentes_de_trabajo
7,2017,22,7,Incidencia_de_accidentes_de_trabajo
8,2017,164,8,Incidencia_de_accidentes_de_trabajo
9,2017,129,9,Incidencia_de_accidentes_de_trabajo
10,2017,283,10,Incidencia_de_accidentes_de_trabajo
11,2017,176,11,Incidencia_de_accidentes_de_trabajo
12,2017,62,12,Incidencia_de_accidentes_de_trabajo
13,2017,117,13,Incidencia_de_accidentes_de_trabajo
14,2017,125,14,Incidencia_de_accidentes_de_trabajo
15,2017,85,15,Incidencia_de_accidentes_de_trabajo
16,2017,29,16,Incidencia_de_accidentes_de_trabajo
17,2017,51,17,Incidencia_de_accidentes_de_trabajo
18,2017,26,18,Incidencia_de_accidentes_de_trabajo
19,2017,2,19,Incidencia_de_accidentes_de_trabajo
20,2017,2,20,Incidencia_de_accidentes_de_trabajo
1,2019,1755,1,Incidencia_de_accidentes_de_trabajo
2,2019,304,2,Incidencia_de_accidentes_de_trabajo
3,2019,63,3,Incidencia_de_accidentes_de_trabajo
4,2019,31,4,Incidencia_de_accidentes_de_trabajo
5,2019,49,5,Incidencia_de_accidentes_de_trabajo
6,2019,74,6,Incidencia_de_accidentes_de_trabajo
7,2019,18,7,Incidencia_de_accidentes_de_trabajo
8,2019,136,8,Incidencia_de_accidentes_de_trabajo
9,2019,93,9,Incidencia_de_accidentes_de_trabajo
10,2019,304,10,Incidencia_de_accidentes_de_trabajo
11,2019,177,11,Incidencia_de_accidentes_de_trabajo
12,2019,50,12,Incidencia_de_accidentes_de_trabajo
13,2019,127,13,Incidencia_de_accidentes_de_trabajo
14,2019,159,14,Incidencia_de_accidentes_de_trabajo
15,2019,54,15,Incidencia_de_accidentes_de_trabajo
16,2019,31,16,Incidencia_de_accidentes_de_trabajo
17,2019,65,17,Incidencia_de_accidentes_de_trabajo
18,2019,18,18,Incidencia_de_accidentes_de_trabajo
19,2019,2,19,Incidencia_de_accidentes_de_trabajo
20,2019,0,20,Incidencia_de_accidentes_de_trabajo
1,2020,1370,1,Incidencia_de_accidentes_de_trabajo
2,2020,254,2,Incidencia_de_accidentes_de_trabajo
3,2020,68,3,Incidencia_de_accidentes_de_trabajo
4,2020,22,4,Incidencia_de_accidentes_de_trabajo
5,2020,37,5,Incidencia_de_accidentes_de_trabajo
6,2020,50,6,Incidencia_de_accidentes_de_trabajo
7,2020,16,7,Incidencia_de_accidentes_de_trabajo
8,2020,126,8,Incidencia_de_accidentes_de_trabajo
9,2020,96,9,Incidencia_de_accidentes_de_trabajo
10,2020,204,10,Incidencia_de_accidentes_de_trabajo
11,2020,129,11,Incidencia_de_accidentes_de_trabajo
12,2020,40,12,Incidencia_de_accidentes_de_trabajo
13,2020,103,13,Incidencia_de_accidentes_de_trabajo
14,2020,105,14,Incidencia_de_accidentes_de_trabajo
15,2020,39,15,Incidencia_de_accidentes_de_trabajo
16,2020,20,16,Incidencia_de_accidentes_de_trabajo
17,2020,42,17,Incidencia_de_accidentes_de_trabajo
18,2020,16,18,Incidencia_de_accidentes_de_trabajo
19,2020,2,19,Incidencia_de_accidentes_de_trabajo
20,2020,1,20,Incidencia_de_accidentes_de_trabajo
1,2021,1533,1,Incidencia_de_accidentes_de_trabajo
2,2021,302,2,Incidencia_de_accidentes_de_trabajo
3,2021,51,3,Incidencia_de_accidentes_de_trabajo
4,2021,30,4,Incidencia_de_accidentes_de_trabajo
5,2021,47,5,Incidencia_de_accidentes_de_trabajo
6,2021,60,6,Incidencia_de_accidentes_de_trabajo
7,2021,15,7,Incidencia_de_accidentes_de_trabajo
8,2021,124,8,Incidencia_de_accidentes_de_trabajo
9,2021,104,9,Incidencia_de_accidentes_de_trabajo
10,2021,242,10,Incidencia_de_accidentes_de_trabajo
11,2021,140,11,Incidencia_de_accidentes_de_trabajo
12,2021,40,12,Incidencia_de_accidentes_de_trabajo
13,2021,104,13,Incidencia_de_accidentes_de_trabajo
14,2021,127,14,Incidencia_de_accidentes_de_trabajo
15,2021,49,15,Incidencia_de_accidentes_de_trabajo
16,2021,28,16,Incidencia_de_accidentes_de_trabajo
17,2021,57,17,Incidencia_de_accidentes_de_trabajo
18,2021,12,18,Incidencia_de_accidentes_de_trabajo
19,2021,0,19,Incidencia_de_accidentes_de_trabajo
20,2021,1,20,Incidencia_de_accidentes_de_trabajo
1,2022,127830,1,Incidencia_de_accidentes_de_trabajo
1,2018,138609,1,Incidencia_de_accidentes_de_trabajo
2,2018,24200,2,Incidencia_de_accidentes_de_trabajo
3,2018,2915,3,Incidencia_de_accidentes_de_trabajo
4,2018,2873,4,Incidencia_de_accidentes_de_trabajo
5,2018,4642,5,Incidencia_de_accidentes_de_trabajo
6,2018,4960,6,Incidencia_de_accidentes_de_trabajo
7,2018,971,7,Incidencia_de_accidentes_de_trabajo
8,2018,3649,8,Incidencia_de_accidentes_de_trabajo
9,2018,5869,9,Incidencia_de_accidentes_de_trabajo
10,2018,35426,10,Incidencia_de_accidentes_de_trabajo
11,2018,10960,11,Incidencia_de_accidentes_de_trabajo
12,2018,2068,12,Incidencia_de_accidentes_de_trabajo
13,2018,6267,13,Incidencia_de_accidentes_de_trabajo
14,2018,21285,14,Incidencia_de_accidentes_de_trabajo
15,2018,3456,15,Incidencia_de_accidentes_de_trabajo
16,2018,1067,16,Incidencia_de_accidentes_de_trabajo
17,2018,6151,17,Incidencia_de_accidentes_de_trabajo
18,2018,819,18,Incidencia_de_accidentes_de_trabajo
19,2018,572,19,Incidencia_de_accidentes_de_trabajo
20,2018,459,20,Incidencia_de_accidentes_de_trabajo
1,2017,139092,1,Incidencia_de_accidentes_de_trabajo
2,2017,22303,2,Incidencia_de_accidentes_de_trabajo
3,2017,3289,3,Incidencia_de_accidentes_de_trabajo
4,2017,3197,4,Incidencia_de_accidentes_de_trabajo
5,2017,5017,5,Incidencia_de_accidentes_de_trabajo
6,2017,5133,6,Incidencia_de_accidentes_de_trabajo
7,2017,1017,7,Incidencia_de_accidentes_de_trabajo
8,2017,5877,8,Incidencia_de_accidentes_de_trabajo
9,2017,3783,9,Incidencia_de_accidentes_de_trabajo
10,2017,35884,10,Incidencia_de_accidentes_de_trabajo
11,2017,10882,11,Incidencia_de_accidentes_de_trabajo
12,2017,2137,12,Incidencia_de_accidentes_de_trabajo
13,2017,6716,13,Incidencia_de_accidentes_de_trabajo
14,2017,20940,14,Incidencia_de_accidentes_de_trabajo
15,2017,3453,15,Incidencia_de_accidentes_de_trabajo
16,2017,1156,16,Incidencia_de_accidentes_de_trabajo
17,2017,6213,17,Incidencia_de_accidentes_de_trabajo
18,2017,917,18,Incidencia_de_accidentes_de_trabajo
19,2017,628,19,Incidencia_de_accidentes_de_trabajo
20,2017,620,20,Incidencia_de_accidentes_de_trabajo
1,2019,139558,1,Incidencia_de_accidentes_de_trabajo
2,2019,25171,2,Incidencia_de_accidentes_de_trabajo
3,2019,3019,3,Incidencia_de_accidentes_de_trabajo
4,2019,2720,4,Incidencia_de_accidentes_de_trabajo
5,2019,4413,5,Incidencia_de_accidentes_de_trabajo
6,2019,6146,6,Incidencia_de_accidentes_de_trabajo
7,2019,1332,7,Incidencia_de_accidentes_de_trabajo
8,2019,5205,8,Incidencia_de_accidentes_de_trabajo
9,2019,3790,9,Incidencia_de_accidentes_de_trabajo
10,2019,34682,10,Incidencia_de_accidentes_de_trabajo
11,2019,10782,11,Incidencia_de_accidentes_de_trabajo
12,2019,1973,12,Incidencia_de_accidentes_de_trabajo
13,2019,6498,13,Incidencia_de_accidentes_de_trabajo
14,2019,21132,14,Incidencia_de_accidentes_de_trabajo
15,2019,3789,15,Incidencia_de_accidentes_de_trabajo
16,2019,983,16,Incidencia_de_accidentes_de_trabajo
17,2019,6234,17,Incidencia_de_accidentes_de_trabajo
18,2019,755,18,Incidencia_de_accidentes_de_trabajo
19,2019,458,19,Incidencia_de_accidentes_de_trabajo
20,2019,476,20,Incidencia_de_accidentes_de_trabajo
1,2020,94562,1,Incidencia_de_accidentes_de_trabajo
2,2020,17456,2,Incidencia_de_accidentes_de_trabajo
3,2020,2173,3,Incidencia_de_accidentes_de_trabajo
4,2020,2022,4,Incidencia_de_accidentes_de_trabajo
5,2020,2690,5,Incidencia_de_accidentes_de_trabajo
6,2020,4665,6,Incidencia_de_accidentes_de_trabajo
7,2020,1096,7,Incidencia_de_accidentes_de_trabajo
8,2020,3399,8,Incidencia_de_accidentes_de_trabajo
9,2020,2511,9,Incidencia_de_accidentes_de_trabajo
10,2020,22530,10,Incidencia_de_accidentes_de_trabajo
11,2020,7237,11,Incidencia_de_accidentes_de_trabajo
12,2020,1348,12,Incidencia_de_accidentes_de_trabajo
13,2020,4697,13,Incidencia_de_accidentes_de_trabajo
14,2020,13322,14,Incidencia_de_accidentes_de_trabajo
15,2020,2789,15,Incidencia_de_accidentes_de_trabajo
16,2020,705,16,Incidencia_de_accidentes_de_trabajo
17,2020,4786,17,Incidencia_de_accidentes_de_trabajo
18,2020,564,18,Incidencia_de_accidentes_de_trabajo
19,2020,246,19,Incidencia_de_accidentes_de_trabajo
20,2020,326,20,Incidencia_de_accidentes_de_trabajo
1,2021,118162,1,Incidencia_de_accidentes_de_trabajo
2,2021,21578,2,Incidencia_de_accidentes_de_trabajo
3,2021,2774,3,Incidencia_de_accidentes_de_trabajo
4,2021,2401,4,Incidencia_de_accidentes_de_trabajo
5,2021,3509,5,Incidencia_de_accidentes_de_trabajo
6,2021,5336,6,Incidencia_de_accidentes_de_trabajo
7,2021,1303,7,Incidencia_de_accidentes_de_trabajo
8,2021,4340,8,Incidencia_de_accidentes_de_trabajo
9,2021,3330,9,Incidencia_de_accidentes_de_trabajo
10,2021,27891,10,Incidencia_de_accidentes_de_trabajo
11,2021,9882,11,Incidencia_de_accidentes_de_trabajo
12,2021,1735,12,Incidencia_de_accidentes_de_trabajo
13,2021,5377,13,Incidencia_de_accidentes_de_trabajo
14,2021,16899,14,Incidencia_de_accidentes_de_trabajo
15,2021,3535,15,Incidencia_de_accidentes_de_trabajo
16,2021,1111,16,Incidencia_de_accidentes_de_trabajo
17,2021,5650,17,Incidencia_de_accidentes_de_trabajo
18,2021,719,18,Incidencia_de_accidentes_de_trabajo
19,2021,364,19,Incidencia_de_accidentes_de_trabajo
20,2021,428,20,Incidencia_de_accidentes_de_trabajo
1,2018,83.44,1,Incidencia_de_accidentes_de_trabajo
2,2018,89.58,2,Incidencia_de_accidentes_de_trabajo
3,2018,87.17,3,Incidencia_de_accidentes_de_trabajo
4,2018,75.15,4,Incidencia_de_accidentes_de_trabajo
5,2018,82.84,5,Incidencia_de_accidentes_de_trabajo
6,2018,83.23,6,Incidencia_de_accidentes_de_trabajo
7,2018,91.84,7,Incidencia_de_accidentes_de_trabajo
8,2018,99.99,8,Incidencia_de_accidentes_de_trabajo
9,2018,85.55,9,Incidencia_de_accidentes_de_trabajo
10,2018,80.58,10,Incidencia_de_accidentes_de_trabajo
11,2018,88.14,11,Incidencia_de_accidentes_de_trabajo
12,2018,88.25,12,Incidencia_de_accidentes_de_trabajo
13,2018,70.43,13,Incidencia_de_accidentes_de_trabajo
14,2018,77.67,14,Incidencia_de_accidentes_de_trabajo
15,2018,55.28,15,Incidencia_de_accidentes_de_trabajo
16,2018,89.29,16,Incidencia_de_accidentes_de_trabajo
17,2018,81.88,17,Incidencia_de_accidentes_de_trabajo
18,2018,97.48,18,Incidencia_de_accidentes_de_trabajo
19,2018,84.98,19,Incidencia_de_accidentes_de_trabajo
20,2018,93.54,20,Incidencia_de_accidentes_de_trabajo
1,2017,84.5,1,Incidencia_de_accidentes_de_trabajo
2,2017,91,2,Incidencia_de_accidentes_de_trabajo
3,2017,85,3,Incidencia_de_accidentes_de_trabajo
4,2017,66,4,Incidencia_de_accidentes_de_trabajo
5,2017,88,5,Incidencia_de_accidentes_de_trabajo
6,2017,81,6,Incidencia_de_accidentes_de_trabajo
7,2017,90,7,Incidencia_de_accidentes_de_trabajo
8,2017,98,8,Incidencia_de_accidentes_de_trabajo
9,2017,81,9,Incidencia_de_accidentes_de_trabajo
10,2017,81,10,Incidencia_de_accidentes_de_trabajo
11,2017,88,11,Incidencia_de_accidentes_de_trabajo
12,2017,86,12,Incidencia_de_accidentes_de_trabajo
13,2017,67,13,Incidencia_de_accidentes_de_trabajo
14,2017,78,14,Incidencia_de_accidentes_de_trabajo
15,2017,52,15,Incidencia_de_accidentes_de_trabajo
16,2017,90,16,Incidencia_de_accidentes_de_trabajo
17,2017,84,17,Incidencia_de_accidentes_de_trabajo
18,2017,96,18,Incidencia_de_accidentes_de_trabajo
19,2017,80,19,Incidencia_de_accidentes_de_trabajo
20,2017,100,20,Incidencia_de_accidentes_de_trabajo
1,2019,84.19,1,Incidencia_de_accidentes_de_trabajo
2,2019,91.31,2,Incidencia_de_accidentes_de_trabajo
3,2019,82.28,3,Incidencia_de_accidentes_de_trabajo
4,2019,71.89,4,Incidencia_de_accidentes_de_trabajo
5,2019,62.28,5,Incidencia_de_accidentes_de_trabajo
6,2019,91.56,6,Incidencia_de_accidentes_de_trabajo
7,2019,89.42,7,Incidencia_de_accidentes_de_trabajo
8,2019,97.89,8,Incidencia_de_accidentes_de_trabajo
9,2019,85.28,9,Incidencia_de_accidentes_de_trabajo
10,2019,80.74,10,Incidencia_de_accidentes_de_trabajo
11,2019,86.24,11,Incidencia_de_accidentes_de_trabajo
12,2019,85.24,12,Incidencia_de_accidentes_de_trabajo
13,2019,69.99,13,Incidencia_de_accidentes_de_trabajo
14,2019,78.95,14,Incidencia_de_accidentes_de_trabajo
15,2019,90.83,15,Incidencia_de_accidentes_de_trabajo
16,2019,90.27,16,Incidencia_de_accidentes_de_trabajo
17,2019,82.1,17,Incidencia_de_accidentes_de_trabajo
18,2019,95.29,18,Incidencia_de_accidentes_de_trabajo
19,2019,84.08,19,Incidencia_de_accidentes_de_trabajo
20,2019,100,20,Incidencia_de_accidentes_de_trabajo
1,2020,84.09,1,Incidencia_de_accidentes_de_trabajo
2,2020,90.7,2,Incidencia_de_accidentes_de_trabajo
3,2020,74.39,3,Incidencia_de_accidentes_de_trabajo
4,2020,79.81,4,Incidencia_de_accidentes_de_trabajo
5,2020,60.1,5,Incidencia_de_accidentes_de_trabajo
6,2020,89.82,6,Incidencia_de_accidentes_de_trabajo
7,2020,90.03,7,Incidencia_de_accidentes_de_trabajo
8,2020,98.58,8,Incidencia_de_accidentes_de_trabajo
9,2020,86.06,9,Incidencia_de_accidentes_de_trabajo
10,2020,82.58,10,Incidencia_de_accidentes_de_trabajo
11,2020,85.94,11,Incidencia_de_accidentes_de_trabajo
12,2020,86.52,12,Incidencia_de_accidentes_de_trabajo
13,2020,71.46,13,Incidencia_de_accidentes_de_trabajo
14,2020,76.6,14,Incidencia_de_accidentes_de_trabajo
15,2020,96.36,15,Incidencia_de_accidentes_de_trabajo
16,2020,88.4,16,Incidencia_de_accidentes_de_trabajo
17,2020,81.31,17,Incidencia_de_accidentes_de_trabajo
18,2020,94.12,18,Incidencia_de_accidentes_de_trabajo
19,2020,85.02,19,Incidencia_de_accidentes_de_trabajo
20,2020,99.21,20,Incidencia_de_accidentes_de_trabajo
1,2021,84.38,1,Incidencia_de_accidentes_de_trabajo
2,2021,90.72,2,Incidencia_de_accidentes_de_trabajo
3,2021,73.49,3,Incidencia_de_accidentes_de_trabajo
4,2021,78.89,4,Incidencia_de_accidentes_de_trabajo
5,2021,60.19,5,Incidencia_de_accidentes_de_trabajo
6,2021,90.92,6,Incidencia_de_accidentes_de_trabajo
7,2021,90.04,7,Incidencia_de_accidentes_de_trabajo
8,2021,98.6,8,Incidencia_de_accidentes_de_trabajo
9,2021,85.33,9,Incidencia_de_accidentes_de_trabajo
10,2021,83.72,10,Incidencia_de_accidentes_de_trabajo
11,2021,86.26,11,Incidencia_de_accidentes_de_trabajo
12,2021,86.58,12,Incidencia_de_accidentes_de_trabajo
13,2021,72.7,13,Incidencia_de_accidentes_de_trabajo
14,2021,76.6,14,Incidencia_de_accidentes_de_trabajo
15,2021,96.34,15,Incidencia_de_accidentes_de_trabajo
16,2021,88.72,16,Incidencia_de_accidentes_de_trabajo
17,2021,81.31,17,Incidencia_de_accidentes_de_trabajo
18,2021,94.12,18,Incidencia_de_accidentes_de_trabajo
19,2021,85.02,19,Incidencia_de_accidentes_de_trabajo
20,2021,99.21,20,Incidencia_de_accidentes_de_trabajo
1,2018,3.96,1,Incidencia_de_accidentes_de_trabajo
2,2018,4.06,2,Incidencia_de_accidentes_de_trabajo
3,2018,4.28,3,Incidencia_de_accidentes_de_trabajo
4,2018,4.26,4,Incidencia_de_accidentes_de_trabajo
5,2018,3.18,5,Incidencia_de_accidentes_de_trabajo
6,2018,3.87,6,Incidencia_de_accidentes_de_trabajo
7,2018,3.87,7,Incidencia_de_accidentes_de_trabajo
8,2018,4.16,8,Incidencia_de_accidentes_de_trabajo
9,2018,4.71,9,Incidencia_de_accidentes_de_trabajo
10,2018,4.04,10,Incidencia_de_accidentes_de_trabajo
11,2018,4.09,11,Incidencia_de_accidentes_de_trabajo
12,2018,3.91,12,Incidencia_de_accidentes_de_trabajo
13,2018,4.29,13,Incidencia_de_accidentes_de_trabajo
14,2018,3.96,14,Incidencia_de_accidentes_de_trabajo
15,2018,4.12,15,Incidencia_de_accidentes_de_trabajo
16,2018,3.27,16,Incidencia_de_accidentes_de_trabajo
17,2018,2.95,17,Incidencia_de_accidentes_de_trabajo
18,2018,3.32,18,Incidencia_de_accidentes_de_trabajo
19,2018,2.42,19,Incidencia_de_accidentes_de_trabajo
20,2018,2,20,Incidencia_de_accidentes_de_trabajo
1,2017,3.98,1,Incidencia_de_accidentes_de_trabajo
2,2017,4.08,2,Incidencia_de_accidentes_de_trabajo
3,2017,4.41,3,Incidencia_de_accidentes_de_trabajo
4,2017,4.32,4,Incidencia_de_accidentes_de_trabajo
5,2017,3.47,5,Incidencia_de_accidentes_de_trabajo
6,2017,4.25,6,Incidencia_de_accidentes_de_trabajo
7,2017,3.78,7,Incidencia_de_accidentes_de_trabajo
8,2017,4.7,8,Incidencia_de_accidentes_de_trabajo
9,2017,4.13,9,Incidencia_de_accidentes_de_trabajo
10,2017,3.9,10,Incidencia_de_accidentes_de_trabajo
11,2017,3.71,11,Incidencia_de_accidentes_de_trabajo
12,2017,4.35,12,Incidencia_de_accidentes_de_trabajo
13,2017,4.17,13,Incidencia_de_accidentes_de_trabajo
14,2017,4.08,14,Incidencia_de_accidentes_de_trabajo
15,2017,3.89,15,Incidencia_de_accidentes_de_trabajo
16,2017,4,16,Incidencia_de_accidentes_de_trabajo
17,2017,3.11,17,Incidencia_de_accidentes_de_trabajo
18,2017,3.7,18,Incidencia_de_accidentes_de_trabajo
19,2017,2.5,19,Incidencia_de_accidentes_de_trabajo
20,2017,2.57,20,Incidencia_de_accidentes_de_trabajo
1,2019,3.85,1,Incidencia_de_accidentes_de_trabajo
2,2019,3.93,2,Incidencia_de_accidentes_de_trabajo
3,2019,4.71,3,Incidencia_de_accidentes_de_trabajo
4,2019,3.97,4,Incidencia_de_accidentes_de_trabajo
5,2019,3.29,5,Incidencia_de_accidentes_de_trabajo
6,2019,3.62,6,Incidencia_de_accidentes_de_trabajo
7,2019,3.71,7,Incidencia_de_accidentes_de_trabajo
8,2019,4.8,8,Incidencia_de_accidentes_de_trabajo
9,2019,3.93,9,Incidencia_de_accidentes_de_trabajo
10,2019,3.98,10,Incidencia_de_accidentes_de_trabajo
11,2019,3.92,11,Incidencia_de_accidentes_de_trabajo
12,2019,3.85,12,Incidencia_de_accidentes_de_trabajo
13,2019,3.76,13,Incidencia_de_accidentes_de_trabajo
14,2019,3.83,14,Incidencia_de_accidentes_de_trabajo
15,2019,3.97,15,Incidencia_de_accidentes_de_trabajo
16,2019,2.93,16,Incidencia_de_accidentes_de_trabajo
17,2019,2.71,17,Incidencia_de_accidentes_de_trabajo
18,2019,3.4,18,Incidencia_de_accidentes_de_trabajo
19,2019,3.27,19,Incidencia_de_accidentes_de_trabajo
20,2019,2.9,20,Incidencia_de_accidentes_de_trabajo
1,2020,3.9,1,Incidencia_de_accidentes_de_trabajo
2,2020,3.95,2,Incidencia_de_accidentes_de_trabajo
3,2020,4.37,3,Incidencia_de_accidentes_de_trabajo
4,2020,4.23,4,Incidencia_de_accidentes_de_trabajo
5,2020,3.62,5,Incidencia_de_accidentes_de_trabajo
6,2020,3.96,6,Incidencia_de_accidentes_de_trabajo
7,2020,4.02,7,Incidencia_de_accidentes_de_trabajo
8,2020,4.9,8,Incidencia_de_accidentes_de_trabajo
9,2020,4.13,9,Incidencia_de_accidentes_de_trabajo
10,2020,3.71,10,Incidencia_de_accidentes_de_trabajo
11,2020,3.99,11,Incidencia_de_accidentes_de_trabajo
12,2020,4.09,12,Incidencia_de_accidentes_de_trabajo
13,2020,4.25,13,Incidencia_de_accidentes_de_trabajo
14,2020,4,14,Incidencia_de_accidentes_de_trabajo
15,2020,3.54,15,Incidencia_de_accidentes_de_trabajo
16,2020,2.66,16,Incidencia_de_accidentes_de_trabajo
17,2020,3.04,17,Incidencia_de_accidentes_de_trabajo
18,2020,4.06,18,Incidencia_de_accidentes_de_trabajo
19,2020,1.56,19,Incidencia_de_accidentes_de_trabajo
20,2020,3.93,20,Incidencia_de_accidentes_de_trabajo
1,2021,3.75,1,Incidencia_de_accidentes_de_trabajo
2,2021,3.76,2,Incidencia_de_accidentes_de_trabajo
3,2021,4.07,3,Incidencia_de_accidentes_de_trabajo
4,2021,3.89,4,Incidencia_de_accidentes_de_trabajo
5,2021,3.21,5,Incidencia_de_accidentes_de_trabajo
6,2021,4.06,6,Incidencia_de_accidentes_de_trabajo
7,2021,3.78,7,Incidencia_de_accidentes_de_trabajo
8,2021,4.29,8,Incidencia_de_accidentes_de_trabajo
9,2021,3.8,9,Incidencia_de_accidentes_de_trabajo
10,2021,3.71,10,Incidencia_de_accidentes_de_trabajo
11,2021,3.69,11,Incidencia_de_accidentes_de_trabajo
12,2021,3.79,12,Incidencia_de_accidentes_de_trabajo
13,2021,3.79,13,Incidencia_de_accidentes_de_trabajo
14,2021,4,14,Incidencia_de_accidentes_de_trabajo
15,2021,3.64,15,Incidencia_de_accidentes_de_trabajo
16,2021,3.39,16,Incidencia_de_accidentes_de_trabajo
17,2021,2.82,17,Incidencia_de_accidentes_de_trabajo
18,2021,3.36,18,Incidencia_de_accidentes_de_trabajo
19,2021,3.34,19,Incidencia_de_accidentes_de_trabajo
20,2021,2.42,20,Incidencia_de_accidentes_de_trabajo
1,2018,7.94,1,Incidencia_de_accidentes_de_trabajo
2,2018,8.45,2,Incidencia_de_accidentes_de_trabajo
3,2018,7.58,3,Incidencia_de_accidentes_de_trabajo
4,2018,5.6,4,Incidencia_de_accidentes_de_trabajo
5,2018,8.75,5,Incidencia_de_accidentes_de_trabajo
6,2018,6.75,6,Incidencia_de_accidentes_de_trabajo
7,2018,6.55,7,Incidencia_de_accidentes_de_trabajo
8,2018,6.24,8,Incidencia_de_accidentes_de_trabajo
9,2018,7.8,9,Incidencia_de_accidentes_de_trabajo
10,2018,8.46,10,Incidencia_de_accidentes_de_trabajo
11,2018,7.68,11,Incidencia_de_accidentes_de_trabajo
12,2018,7.33,12,Incidencia_de_accidentes_de_trabajo
13,2018,6.14,13,Incidencia_de_accidentes_de_trabajo
14,2018,8.74,14,Incidencia_de_accidentes_de_trabajo
15,2018,9.92,15,Incidencia_de_accidentes_de_trabajo
16,2018,8.35,16,Incidencia_de_accidentes_de_trabajo
17,2018,7.41,17,Incidencia_de_accidentes_de_trabajo
18,2018,7.45,18,Incidencia_de_accidentes_de_trabajo
19,2018,11.44,19,Incidencia_de_accidentes_de_trabajo
20,2018,15.83,20,Incidencia_de_accidentes_de_trabajo
1,2017,8.41,1,Incidencia_de_accidentes_de_trabajo
2,2017,8.89,2,Incidencia_de_accidentes_de_trabajo
3,2017,8,3,Incidencia_de_accidentes_de_trabajo
4,2017,5.84,4,Incidencia_de_accidentes_de_trabajo
5,2017,8.88,5,Incidencia_de_accidentes_de_trabajo
6,2017,7.29,6,Incidencia_de_accidentes_de_trabajo
7,2017,7.09,7,Incidencia_de_accidentes_de_trabajo
8,2017,6.4,8,Incidencia_de_accidentes_de_trabajo
9,2017,8.29,9,Incidencia_de_accidentes_de_trabajo
10,2017,8.97,10,Incidencia_de_accidentes_de_trabajo
11,2017,8.18,11,Incidencia_de_accidentes_de_trabajo
12,2017,7.92,12,Incidencia_de_accidentes_de_trabajo
13,2017,6.82,13,Incidencia_de_accidentes_de_trabajo
14,2017,9.31,14,Incidencia_de_accidentes_de_trabajo
15,2017,10.24,15,Incidencia_de_accidentes_de_trabajo
16,2017,8.96,16,Incidencia_de_accidentes_de_trabajo
17,2017,7.88,17,Incidencia_de_accidentes_de_trabajo
18,2017,8.21,18,Incidencia_de_accidentes_de_trabajo
19,2017,12.29,19,Incidencia_de_accidentes_de_trabajo
20,2017,15.82,20,Incidencia_de_accidentes_de_trabajo
1,2019,7.62,1,Incidencia_de_accidentes_de_trabajo
2,2019,8.21,2,Incidencia_de_accidentes_de_trabajo
3,2019,7.28,3,Incidencia_de_accidentes_de_trabajo
4,2019,5.05,4,Incidencia_de_accidentes_de_trabajo
5,2019,8.08,5,Incidencia_de_accidentes_de_trabajo
6,2019,6.37,6,Incidencia_de_accidentes_de_trabajo
7,2019,6.1,7,Incidencia_de_accidentes_de_trabajo
8,2019,5.96,8,Incidencia_de_accidentes_de_trabajo
9,2019,7.51,9,Incidencia_de_accidentes_de_trabajo
10,2019,8.09,10,Incidencia_de_accidentes_de_trabajo
11,2019,7.47,11,Incidencia_de_accidentes_de_trabajo
12,2019,7.2,12,Incidencia_de_accidentes_de_trabajo
13,2019,5.82,13,Incidencia_de_accidentes_de_trabajo
14,2019,8.34,14,Incidencia_de_accidentes_de_trabajo
15,2019,9.54,15,Incidencia_de_accidentes_de_trabajo
16,2019,8.23,16,Incidencia_de_accidentes_de_trabajo
17,2019,7.08,17,Incidencia_de_accidentes_de_trabajo
18,2019,7.66,18,Incidencia_de_accidentes_de_trabajo
19,2019,9.96,19,Incidencia_de_accidentes_de_trabajo
20,2019,14.64,20,Incidencia_de_accidentes_de_trabajo
1,2020,7.19,1,Incidencia_de_accidentes_de_trabajo
2,2020,7.72,2,Incidencia_de_accidentes_de_trabajo
3,2020,6.83,3,Incidencia_de_accidentes_de_trabajo
4,2020,4.7,4,Incidencia_de_accidentes_de_trabajo
5,2020,7.78,5,Incidencia_de_accidentes_de_trabajo
6,2020,5.87,6,Incidencia_de_accidentes_de_trabajo
7,2020,5.85,7,Incidencia_de_accidentes_de_trabajo
8,2020,5.71,8,Incidencia_de_accidentes_de_trabajo
9,2020,7.21,9,Incidencia_de_accidentes_de_trabajo
10,2020,7.64,10,Incidencia_de_accidentes_de_trabajo
11,2020,7.1,11,Incidencia_de_accidentes_de_trabajo
12,2020,6.97,12,Incidencia_de_accidentes_de_trabajo
13,2020,5.65,13,Incidencia_de_accidentes_de_trabajo
14,2020,7.75,14,Incidencia_de_accidentes_de_trabajo
15,2020,9.08,15,Incidencia_de_accidentes_de_trabajo
16,2020,7.66,16,Incidencia_de_accidentes_de_trabajo
17,2020,6.73,17,Incidencia_de_accidentes_de_trabajo
18,2020,7.33,18,Incidencia_de_accidentes_de_trabajo
19,2020,10.04,19,Incidencia_de_accidentes_de_trabajo
20,2020,11.41,20,Incidencia_de_accidentes_de_trabajo
1,2021,7.12,1,Incidencia_de_accidentes_de_trabajo
2,2021,7.72,2,Incidencia_de_accidentes_de_trabajo
3,2021,7.21,3,Incidencia_de_accidentes_de_trabajo
4,2021,4.74,4,Incidencia_de_accidentes_de_trabajo
5,2021,7.81,5,Incidencia_de_accidentes_de_trabajo
6,2021,5.67,6,Incidencia_de_accidentes_de_trabajo
7,2021,5.63,7,Incidencia_de_accidentes_de_trabajo
8,2021,5.5,8,Incidencia_de_accidentes_de_trabajo
9,2021,7.1,9,Incidencia_de_accidentes_de_trabajo
10,2021,7.52,10,Incidencia_de_accidentes_de_trabajo
11,2021,7.06,11,Incidencia_de_accidentes_de_trabajo
12,2021,6.87,12,Incidencia_de_accidentes_de_trabajo
13,2021,5.5,13,Incidencia_de_accidentes_de_trabajo
14,2021,7.62,14,Incidencia_de_accidentes_de_trabajo
15,2021,9.11,15,Incidencia_de_accidentes_de_trabajo
16,2021,7.78,16,Incidencia_de_accidentes_de_trabajo
17,2021,6.56,17,Incidencia_de_accidentes_de_trabajo
18,2021,6.94,18,Incidencia_de_accidentes_de_trabajo
19,2021,8.68,19,Incidencia_de_accidentes_de_trabajo
20,2021,11.17,20,Incidencia_de_accidentes_de_trabajo
